,state,city,avglightning,avgslope,avg_numproviders,median_numproviders,None of the above / Not working for pay,I continue to commute to work,Used to work from home and still do,"Used to commute, now work from home",I have recently been furloughed or laid-off,"Used to work from home, but now I commute",place_2000_pop
0,AK,Wasilla,95.0,,3.0,3.0,5.0,0.0,0.0,2.0,1.0,0.0,5469
1,AL,Alabaster,13374.444,3.300137,4.0,4.0,9.0,6.0,2.0,2.0,1.0,0.0,22619
2,AL,Andalusia,18793.111,0.22750118,5.0,5.0,3.0,1.0,0.0,1.0,0.0,0.0,8794
3,AL,Atmore,20183.889,0.080672555,6.0,6.0,3.0,2.0,0.0,1.0,0.0,0.0,7676
4,AL,Auburn,6695.0,0.4209678,8.0,8.0,4.0,4.0,2.0,2.0,0.0,0.0,42987
5,AL,Birmingham,18353.223,3.4863596,6.5,6.5,36.0,30.0,5.0,13.0,5.0,2.0,242307513
6,AL,Calera,11440.167,2.1060367,4.5,4.5,5.0,2.0,1.0,0.0,0.0,0.0,307979
7,AL,Clanton,9505.889,0.91193604,5.0,5.0,4.0,0.0,0.0,1.0,0.0,0.0,7800
8,AL,Decatur,7333.1665,2.1671104,6.0,6.0,0.0,3.0,2.0,0.0,0.0,0.0,5384683
9,AL,Dothan,9176.481,0.3013457,5.0,4.0,8.0,6.0,1.0,3.0,2.0,0.0,570826505
10,AL,Enterprise,9049.444,0.37948465,4.0,4.0,4.0,4.0,1.0,0.0,0.0,0.0,20993185
11,AL,Eufaula,12401.889,0.48566777,7.0,7.0,2.0,2.0,1.0,0.0,0.0,0.0,13908
12,AL,Florence,10814.889,1.4768928,3.0,3.0,4.0,5.0,2.0,0.0,0.0,0.0,36264
13,AL,Gadsden,8933.889,4.675545,7.0,7.0,6.0,7.0,1.0,0.0,1.0,0.0,38978
14,AL,Greenville,11837.556,0.5222484,5.0,5.0,3.0,2.0,2.0,2.0,0.0,0.0,7228
15,AL,Helena,18353.223,3.4863596,6.5,6.5,6.0,0.0,1.0,3.0,0.0,0.0,102933
16,AL,Hoover,18353.223,3.4863596,6.5,6.5,6.0,2.0,2.0,7.0,0.0,0.0,4686815874
17,AL,Huntsville,9411.889,2.2980797,7.5,7.5,11.0,13.0,2.0,4.0,0.0,0.0,157952264
18,AL,Madison,9411.889,2.2980797,7.5,7.5,2.0,2.0,0.0,7.0,0.0,0.0,29190139
19,AL,Mobile,34915.89,0.035406105,6.0,6.0,2.0,3.0,0.0,1.0,0.0,0.0,198915
20,AL,Montevallo,13374.444,3.300137,4.0,4.0,4.0,0.0,2.0,0.0,0.0,0.0,4825
21,AL,Montgomery,10205.333,0.12320535,7.0,7.0,14.0,9.0,0.0,5.0,0.0,0.0,201568
22,AL,Muscle Shoals,8995.556,2.2748075,5.0,5.0,3.0,1.0,0.0,1.0,1.0,0.0,11924
23,AL,Opelika,6695.0,0.4209678,8.0,8.0,4.0,2.0,1.0,1.0,1.0,0.0,23498
24,AL,Opp,18793.111,0.22750118,5.0,5.0,4.0,1.0,0.0,0.0,0.0,0.0,6607
25,AL,Pelham,13374.444,3.300137,4.0,4.0,7.0,2.0,2.0,3.0,1.0,0.0,14369
26,AL,Selma,13898.223,1.0809519,4.0,4.0,3.0,2.0,0.0,1.0,2.0,0.0,20512
27,AL,Sheffield,8995.556,2.2748075,5.0,5.0,5.0,3.0,0.0,0.0,0.0,0.0,9652
28,AL,Troy,9044.667,0.4306216,7.0,7.0,6.0,8.0,0.0,3.0,0.0,0.0,13935
29,AL,Tuscaloosa,22005.0,1.7478824,7.0,7.0,4.0,2.0,0.0,3.0,1.0,0.0,77906
30,AL,Tuscumbia,8995.556,2.2748075,5.0,5.0,2.0,2.0,0.0,1.0,0.0,0.0,7856
31,AL,Valley,6999.3335,0.5049314,6.0,6.0,5.0,1.0,1.0,0.0,0.0,0.0,9198
32,AL,Vestavia Hills,18353.223,3.4863596,6.5,6.5,2.0,1.0,0.0,1.0,1.0,0.0,2445521
33,AR,Conway,10343.777,1.6397008,10.0,10.0,2.0,1.0,2.0,0.0,0.0,0.0,43167
34,AR,Jonesboro,11559.889,0.025281386,8.0,8.0,5.0,0.0,1.0,0.0,0.0,0.0,55515
35,AR,Little Rock,12948.111,2.0823615,14.0,14.0,15.0,7.0,4.0,5.0,1.0,0.0,183133
36,AR,Mountain Home,8249.556,6.799056,9.0,9.0,2.0,3.0,0.0,0.0,0.0,0.0,11012
37,AR,Texarkana,8721.333,0.08786459,4.0,4.0,9.0,5.0,0.0,3.0,1.0,0.0,26448
38,AZ,Chandler,32923.777,2.8880036,16.0,16.0,8.0,3.0,0.0,4.0,0.0,0.0,176581
39,AZ,Flagstaff,106436.22,6.6259594,8.0,8.0,8.0,1.0,2.0,3.0,1.0,1.0,52894
40,AZ,Lake Havasu City,62183.223,7.5876937,8.0,8.0,11.0,6.0,1.0,1.0,2.0,0.0,41938
41,AZ,Mesa,32923.777,2.8880036,16.0,16.0,14.0,3.0,3.0,4.0,1.0,1.0,396375
42,AZ,Peoria,43771.168,7.319856,12.0,12.0,3.0,1.0,1.0,0.0,2.0,0.0,1083631
43,AZ,Phoenix,32923.777,2.8880036,16.0,16.0,65.0,34.0,10.0,19.0,18.0,1.0,1321045
44,AZ,Prescott,54618.555,11.751709,8.0,8.0,4.0,2.0,3.0,0.0,0.0,0.0,33938
45,AZ,Safford,41752.777,9.191418,6.0,6.0,2.0,4.0,0.0,1.0,0.0,0.0,9232
46,AZ,Scottsdale,32923.777,2.8880036,16.0,16.0,8.0,0.0,2.0,6.0,0.0,0.0,202705
47,AZ,Sierra Vista,54353.777,6.5716853,7.0,7.0,3.0,1.0,1.0,0.0,0.0,0.0,37775
48,AZ,Surprise,32923.777,2.8880036,16.0,16.0,5.0,2.0,1.0,1.0,1.0,0.0,30848
49,AZ,Tempe,32923.777,2.8880036,16.0,16.0,8.0,1.0,1.0,1.0,0.0,0.0,158625
50,AZ,Tucson,71994.664,5.3439894,11.0,11.0,20.0,10.0,1.0,6.0,6.0,1.0,486699
51,AZ,Yuma,10927.667,2.1754854,5.0,5.0,5.0,1.0,0.0,0.0,0.0,0.0,77515
52,CA,Bakersfield,2557.111,11.826465,8.0,8.0,3.0,2.0,0.0,3.0,0.0,0.0,247057
53,CA,Carlsbad,2138.6667,8.19005,10.0,10.0,2.0,0.0,0.0,3.0,0.0,0.0,78247
54,CA,Cerritos,1331.8889,6.3787155,18.0,18.0,3.0,0.0,1.0,1.0,0.0,0.0,51488
55,CA,Costa Mesa,112.666664,5.7837887,10.0,10.0,1.0,2.0,0.0,1.0,1.0,0.0,108724
56,CA,Fairfield,88.333336,3.5901487,6.0,6.0,3.0,1.0,1.0,2.0,0.0,0.0,96178
57,CA,Fontana,30101.777,9.597852,11.0,11.0,3.0,1.0,0.0,2.0,0.0,0.0,128929
58,CA,Fresno,2447.0,12.375448,12.0,12.0,2.0,3.0,2.0,3.0,1.0,0.0,427652
59,CA,Fullerton,112.666664,5.7837887,10.0,10.0,5.0,0.0,1.0,0.0,0.0,0.0,126003
60,CA,Grass Valley,400.77777,17.044952,5.0,5.0,10.0,2.0,4.0,3.0,2.0,0.0,10922
61,CA,Hanford,119.77778,4.752556,4.0,4.0,4.0,2.0,0.0,0.0,1.0,0.0,41686
62,CA,Huntington Beach,112.666664,5.7837887,10.0,10.0,1.0,0.0,2.0,1.0,1.0,0.0,189594
63,CA,Irvine,112.666664,5.7837887,10.0,10.0,5.0,1.0,3.0,2.0,1.0,0.0,143072
64,CA,Long Beach,1331.8889,6.3787155,18.0,18.0,4.0,3.0,1.0,1.0,0.0,0.0,461522
65,CA,Los Angeles,1331.8889,6.3787155,18.0,18.0,45.0,17.0,16.0,33.0,12.0,2.0,3694820
66,CA,Modesto,239.22223,2.4045854,5.0,5.0,3.0,0.0,0.0,2.0,0.0,0.0,188856
67,CA,Monterey,151.44444,12.351843,8.0,8.0,2.0,1.0,0.0,2.0,1.0,0.0,29674
68,CA,Mountain View,94.888885,7.8403234,11.0,11.0,0.0,0.0,0.0,4.0,1.0,0.0,70708
69,CA,Napa,115.333336,14.526656,4.0,4.0,4.0,2.0,3.0,0.0,0.0,0.0,72585
70,CA,Nevada City,400.77777,17.044952,5.0,5.0,5.0,0.0,0.0,1.0,0.0,0.0,3001
71,CA,Newport Beach,112.666664,5.7837887,10.0,10.0,3.0,0.0,1.0,2.0,0.0,0.0,70032
72,CA,Oceanside,2138.6667,8.19005,10.0,10.0,4.0,0.0,1.0,0.0,0.0,0.0,161029
73,CA,Palm Springs,5692.222,7.9069376,12.0,12.0,2.0,2.0,0.0,1.0,0.0,1.0,42807
74,CA,Porterville,2063.5557,16.34055,5.0,5.0,4.0,0.0,1.0,0.0,0.0,0.0,39615
75,CA,Rancho Cucamonga,30101.777,9.597852,11.0,11.0,3.0,0.0,1.0,1.0,1.0,0.0,127743
76,CA,Sacramento,165.33333,0.26228344,9.0,9.0,28.0,16.0,5.0,7.0,6.0,1.0,407018
77,CA,San Diego,2138.6667,8.19005,10.0,10.0,21.0,6.0,6.0,12.0,4.0,1.0,1223400
78,CA,San Jose,94.888885,7.8403234,11.0,11.0,1.0,1.0,0.0,3.0,0.0,0.0,894943
79,CA,Santa Ana,112.666664,5.7837887,10.0,10.0,3.0,1.0,0.0,2.0,0.0,0.0,337977
80,CA,Santa Barbara,239.22223,13.221244,7.0,7.0,2.0,2.0,1.0,2.0,0.0,0.0,92325
81,CA,Santa Clarita,1331.8889,6.3787155,18.0,18.0,3.0,1.0,1.0,3.0,1.0,0.0,151088
82,CA,Santa Maria,239.22223,13.221244,7.0,7.0,8.0,2.0,1.0,0.0,0.0,1.0,77423
83,CA,South Lake Tahoe,703.2222,16.320324,9.0,9.0,6.0,2.0,1.0,2.0,1.0,0.0,23609
84,CA,Temecula,5692.222,7.9069376,12.0,12.0,5.0,0.0,1.0,0.0,1.0,1.0,57716
85,CA,Thousand Oaks,249.77777,12.170488,7.0,7.0,4.0,1.0,2.0,1.0,0.0,0.0,117005
86,CA,Vacaville,88.333336,3.5901487,6.0,6.0,1.0,1.0,0.0,2.0,1.0,0.0,88625
87,CA,Visalia,2063.5557,16.34055,5.0,5.0,3.0,2.0,1.0,1.0,1.0,0.0,91565
88,CO,Arvada,6097.8887,4.189614,8.0,8.0,5.0,2.0,2.0,3.0,0.0,0.0,993062847
89,CO,Aurora,6690.222,1.7292309,7.666666666666668,9.0,15.0,11.0,6.0,5.0,4.0,0.0,236144402490
90,CO,Boulder,3244.5557,14.49747,9.0,9.0,7.0,4.0,3.0,8.0,2.0,0.0,94673
91,CO,Broomfield,8010.6387,5.7382755,8.5,9.0,4.0,0.0,1.0,3.0,1.0,0.0,2147415239154910
92,CO,Colorado Springs,20256.555,5.2811627,9.0,9.0,23.0,7.0,4.0,9.0,4.0,0.0,360890
93,CO,Commerce City,6385.6665,0.035142716,9.0,9.0,2.0,1.0,0.0,1.0,1.0,0.0,20991
94,CO,Denver,814.7778,0.099061325,8.0,8.0,89.0,52.0,20.0,52.0,21.0,10.0,554636
95,CO,Evans,16602.223,0.07640422,9.0,9.0,2.0,1.0,1.0,1.0,2.0,0.0,9514
96,CO,Fort Collins,11679.556,12.439478,9.0,9.0,7.0,6.0,2.0,7.0,2.0,1.0,118652
97,CO,Glenwood Springs,11675.444,23.19674,3.0,3.0,1.0,4.0,0.0,1.0,0.0,0.0,7736
98,CO,Grand Junction,12431.223,11.8714905,4.0,4.0,6.0,5.0,1.0,0.0,0.0,0.0,41986
99,CO,Greeley,16602.223,0.07640422,9.0,9.0,7.0,10.0,1.0,4.0,1.0,0.0,76930
100,CO,Lakewood,5810.1113,8.344085,7.0,7.0,11.0,0.0,2.0,1.0,0.0,0.0,144126
101,CO,Lone Tree,8528.111,5.1051307,3.0,3.0,3.0,1.0,1.0,1.0,0.0,0.0,4873
102,CO,Longmont,9923.389,7.286937,9.0,9.0,0.0,1.0,1.0,4.0,0.0,0.0,7106924
103,CO,Loveland,11679.556,12.439478,9.0,9.0,5.0,2.0,2.0,2.0,1.0,0.0,50608
104,CO,Pueblo,15022.111,2.8350134,6.0,6.0,5.0,3.0,1.0,2.0,1.0,0.0,102121
105,CO,Steamboat Springs,10016.556,14.076683,5.0,5.0,6.0,3.0,2.0,2.0,1.0,0.0,9815
106,CO,Thornton,11493.944,0.055773467,9.0,9.0,4.0,0.0,0.0,3.0,1.0,0.0,823840
107,CO,Westminster,6097.8887,4.189614,8.0,8.0,5.0,1.0,3.0,0.0,1.0,0.0,5741943521
108,CT,Bristol,3656.0,2.4569082,5.0,5.0,15.0,1.0,2.0,5.0,3.0,0.0,60062
109,CT,Groton,2178.7778,2.531872,5.0,5.0,6.0,0.0,0.0,1.0,1.0,0.0,10010
110,CT,Hartford,3656.0,2.4569082,5.0,5.0,8.0,4.0,0.0,5.0,2.0,0.0,121578
111,CT,New Britain,3656.0,2.4569082,5.0,5.0,6.0,8.0,2.0,8.0,1.0,0.0,71538
112,CT,Norwich,2178.7778,2.531872,5.0,5.0,1.0,2.0,0.0,1.0,2.0,0.0,36117
113,CT,Waterbury,2800.889,3.7560594,5.0,5.0,3.0,2.0,0.0,3.0,1.0,0.0,107271
114,DC,Washington,922.8889,1.0740607,4.0,4.0,31.0,8.0,9.0,33.0,2.0,4.0,572059
115,DE,Dover,5099.778,0.0024781686,4.0,4.0,2.0,4.0,1.0,1.0,0.0,0.0,32135
116,DE,Newark,4244.778,1.734109,4.0,4.0,8.0,0.0,0.0,3.0,1.0,0.0,28547
117,DE,Wilmington,4244.778,1.734109,4.0,4.0,9.0,2.0,0.0,1.0,2.0,0.0,72664
118,FL,Apopka,36744.555,0.05544661,10.0,10.0,3.0,2.0,0.0,0.0,0.0,0.0,26642
119,FL,Bonita Springs,25407.334,0.008874801,9.0,9.0,6.0,0.0,0.0,0.0,0.0,0.0,32797
120,FL,Bradenton,25301.0,0.0052857427,5.0,5.0,7.0,7.0,1.0,6.0,1.0,0.0,49504
121,FL,Cape Coral,25407.334,0.008874801,9.0,9.0,13.0,1.0,2.0,1.0,0.0,0.0,102286
122,FL,Clearwater,9559.0,0.018629823,5.0,5.0,3.0,3.0,0.0,1.0,0.0,0.0,108787
123,FL,Coral Springs,38607.11,0.16899393,9.0,9.0,1.0,2.0,0.0,1.0,1.0,0.0,117549
124,FL,Fort Lauderdale,38607.11,0.16899393,9.0,9.0,2.0,1.0,3.0,4.0,2.0,0.0,152397
125,FL,Fort Myers,25407.334,0.008874801,9.0,9.0,3.0,0.0,0.0,0.0,2.0,0.0,48208
126,FL,Gainesville,19783.555,0.10672752,7.0,7.0,4.0,3.0,0.0,3.0,0.0,0.0,95447
127,FL,Jacksonville,21535.889,0.029374428,6.0,6.0,18.0,10.0,4.0,8.0,1.0,0.0,735617
128,FL,Lakeland,65940.445,0.038351137,7.0,7.0,4.0,2.0,0.0,1.0,0.0,0.0,78452
129,FL,Largo,9559.0,0.018629823,5.0,5.0,3.0,1.0,0.0,1.0,0.0,0.0,69371
130,FL,Melbourne,29167.445,0.06771375,5.0,5.0,6.0,6.0,0.0,1.0,0.0,1.0,71382
131,FL,Miami,41927.332,0.20793092,9.0,9.0,11.0,2.0,4.0,7.0,2.0,0.0,362470
132,FL,Naples,56566.223,0.026842756,5.0,5.0,2.0,1.0,1.0,1.0,2.0,0.0,20976
133,FL,North Port,16653.666,0.006599855,6.0,6.0,8.0,2.0,0.0,0.0,0.0,0.0,22797
134,FL,Ocala,40439.223,0.08809347,10.0,10.0,7.0,3.0,2.0,2.0,2.0,0.0,45943
135,FL,Orlando,36744.555,0.05544661,10.0,10.0,13.0,7.0,1.0,3.0,4.0,2.0,185951
136,FL,Ormond Beach,40866.668,0.019465022,8.0,8.0,5.0,0.0,0.0,0.0,0.0,0.0,36301
137,FL,Palm Bay,29167.445,0.06771375,5.0,5.0,3.0,1.0,1.0,1.0,0.0,0.0,79413
138,FL,Palm Beach Gardens,76876.555,0.027481481,10.0,10.0,3.0,0.0,0.0,2.0,0.0,1.0,35058
139,FL,Panama City Beach,15432.667,0.019678516,6.0,6.0,1.0,1.0,1.0,2.0,0.0,0.0,7671
140,FL,Plantation,38607.11,0.16899393,9.0,9.0,4.0,1.0,0.0,3.0,0.0,0.0,82934
141,FL,Port St. Lucie,15786.444,0.010843956,8.0,8.0,4.0,4.0,2.0,0.0,0.0,0.0,88769
142,FL,Sarasota,16653.666,0.006599855,6.0,6.0,5.0,2.0,3.0,2.0,3.0,0.0,52715
143,FL,St. Petersburg,9559.0,0.018629823,5.0,5.0,2.0,8.0,3.0,4.0,3.0,0.0,248232
144,FL,Tallahassee,12927.444,0.2645557,7.0,7.0,10.0,11.0,2.0,6.0,1.0,1.0,150624
145,FL,Tampa,41557.777,0.05480785,8.0,8.0,26.0,17.0,4.0,11.0,7.0,0.0,303447
146,GA,Albany,5382.6665,0.030689,5.0,5.0,11.0,11.0,1.0,4.0,2.0,1.0,76939
147,GA,Atlanta,6125.8887,0.8684559,14.0,14.0,42.0,47.0,11.0,24.0,4.0,3.0,38669929775
148,GA,Buford,5988.0557,1.3969221,8.5,8.5,5.0,3.0,2.0,1.0,0.0,0.0,10566102
149,GA,Conyers,1881.4445,0.6818481,5.0,5.0,5.0,2.0,1.0,1.0,1.0,0.0,10689
150,GA,Cordele,3740.3333,0.044708174,7.0,7.0,6.0,1.0,0.0,0.0,0.0,0.0,11608
151,GA,Covington,3438.4443,0.4766223,7.0,7.0,2.0,3.0,0.0,1.0,1.0,0.0,11547
152,GA,Dacula,6457.5557,0.6580399,10.0,10.0,6.0,1.0,1.0,4.0,0.0,0.0,3848
153,GA,Douglasville,2801.0,1.1853402,11.0,11.0,4.0,0.0,1.0,0.0,0.0,0.0,20065
154,GA,Duluth,6457.5557,0.6580399,10.0,10.0,2.0,2.0,1.0,1.0,2.0,0.0,22122
155,GA,Forest Park,2347.111,0.2703557,9.0,9.0,5.0,1.0,0.0,2.0,0.0,0.0,21447
156,GA,Jonesboro,2347.111,0.2703557,9.0,9.0,3.0,2.0,0.0,0.0,0.0,0.0,3829
157,GA,LaGrange,4837.1113,0.7961853,6.0,6.0,8.0,6.0,0.0,5.0,1.0,0.0,25998
158,GA,Lawrenceville,6457.5557,0.6580399,10.0,10.0,10.0,3.0,1.0,2.0,1.0,1.0,22397
159,GA,Lilburn,6457.5557,0.6580399,10.0,10.0,4.0,0.0,2.0,1.0,1.0,0.0,11307
160,GA,Loganville,5533.3335,0.50018126,8.0,8.0,2.0,0.0,1.0,2.0,0.0,0.0,41501285
161,GA,Macon,3943.6667,0.2694928,9.5,9.5,2.0,1.0,1.0,1.0,0.0,0.0,96777478
162,GA,Marietta,5287.0,1.0817024,12.0,12.0,3.0,1.0,0.0,2.0,1.0,0.0,58748
163,GA,McDonough,4504.8887,0.27337685,7.0,7.0,5.0,2.0,2.0,4.0,0.0,0.0,8493
164,GA,Mountain Park,7178.6665,2.0825257,14.5,14.5,3.0,0.0,2.0,1.0,0.0,0.0,49610
165,GA,Riverdale,2347.111,0.2703557,9.0,9.0,3.0,4.0,1.0,2.0,2.0,0.0,12478
166,GA,Snellville,6457.5557,0.6580399,10.0,10.0,6.0,1.0,2.0,5.0,1.0,0.0,15351
167,GA,Stockbridge,4504.8887,0.27337685,7.0,7.0,6.0,6.0,0.0,5.0,0.0,1.0,9853
168,GA,Sugar Hill,6457.5557,0.6580399,10.0,10.0,4.0,0.0,2.0,1.0,1.0,0.0,11399
169,GA,Suwanee,6457.5557,0.6580399,10.0,10.0,3.0,2.0,0.0,3.0,4.0,0.0,8725
170,GA,Valdosta,7534.4443,0.023344822,8.0,8.0,1.0,3.0,0.0,2.0,0.0,0.0,43724
171,GA,Warner Robins,3299.3333,0.14801139,8.5,8.5,0.0,4.0,0.0,1.0,0.0,0.0,4878717
172,IA,Ames,7772.778,0.04017194,17.0,17.0,8.0,1.0,1.0,2.0,0.0,0.0,50731
173,IA,Ankeny,8551.111,0.2288512,34.0,34.0,3.0,0.0,6.0,2.0,0.0,0.0,27117
174,IA,Bettendorf,5544.222,0.23194055,17.0,17.0,4.0,4.0,0.0,2.0,0.0,0.0,31275
175,IA,Burlington,5174.8887,0.36382237,10.0,10.0,4.0,1.0,0.0,0.0,0.0,0.0,26839
176,IA,Carroll,6662.3335,0.15184343,13.0,13.0,2.0,2.0,0.0,1.0,0.0,0.0,10106
177,IA,Cedar Falls,7537.8887,0.17963731,19.0,19.0,4.0,3.0,0.0,3.0,1.0,0.0,36145
178,IA,Cedar Rapids,9863.556,0.31461522,27.0,27.0,4.0,1.0,1.0,3.0,0.0,0.0,120758
179,IA,Council Bluffs,12490.667,0.79355353,15.0,15.0,12.0,6.0,4.0,4.0,0.0,0.0,58268
180,IA,Davenport,5544.222,0.23194055,17.0,17.0,3.0,5.0,1.0,4.0,2.0,0.0,98359
181,IA,Des Moines,8551.111,0.2288512,34.0,34.0,19.0,8.0,4.0,15.0,1.0,0.0,198682
182,IA,Dubuque,7388.4443,2.1705189,15.0,15.0,4.0,1.0,0.0,2.0,0.0,0.0,57686
183,IA,Fort Dodge,10508.889,0.50389534,14.0,14.0,5.0,1.0,0.0,0.0,0.0,2.0,25136
184,IA,Marshalltown,8004.6665,0.08321968,13.0,13.0,6.0,4.0,0.0,4.0,1.0,0.0,26009
185,IA,Mason City,5676.5557,0.014150025,14.0,14.0,3.0,2.0,0.0,0.0,1.0,0.0,29172
186,IA,Muscatine,5317.8887,0.1523363,15.0,15.0,4.0,2.0,0.0,1.0,0.0,0.0,22697
187,IA,Sioux City,8284.723,0.75242335,15.0,15.0,8.0,0.0,1.0,2.0,0.0,0.0,850130
188,IA,Spirit Lake,3182.889,0.0512544,10.0,10.0,3.0,2.0,0.0,0.0,0.0,0.0,4261
189,IA,Urbandale,7776.0557,0.24699643,28.5,28.5,0.0,3.0,3.0,0.0,0.0,0.0,28745327
190,IA,Waterloo,7537.8887,0.17963731,19.0,19.0,9.0,3.0,2.0,0.0,0.0,1.0,68747
191,IA,Waverly,5614.0,0.07975691,14.0,14.0,3.0,2.0,0.0,0.0,0.0,0.0,8968
192,IA,West Des Moines,7776.0557,0.24699643,28.5,28.5,1.0,5.0,1.0,4.0,0.0,0.0,425253878
193,ID,Caldwell,257.22223,0.7086014,5.0,5.0,2.0,1.0,1.0,1.0,0.0,0.0,25967
194,ID,Hailey,2249.4443,21.467285,6.0,6.0,8.0,1.0,2.0,5.0,0.0,0.0,6200
195,ID,Idaho Falls,3376.5557,12.131635,8.0,8.0,5.0,1.0,1.0,0.0,0.0,0.0,50730
196,ID,Ketchum,2249.4443,21.467285,6.0,6.0,2.0,1.0,0.0,3.0,0.0,0.0,3003
197,ID,Kuna,444.1111,4.945331,6.0,6.0,3.0,0.0,0.0,3.0,0.0,0.0,5382
198,ID,Meridian,444.1111,4.945331,6.0,6.0,5.0,6.0,5.0,4.0,1.0,0.0,34919
199,ID,Mountain Home,1745.3334,15.060699,3.0,3.0,3.0,4.0,0.0,1.0,0.0,0.0,11143
200,ID,Nampa,257.22223,0.7086014,5.0,5.0,5.0,0.0,2.0,2.0,1.0,0.0,51867
201,ID,Pocatello,1841.7222,12.177879,3.0,3.0,2.0,1.0,1.0,1.0,1.0,0.0,5144224
202,ID,Post Falls,674.3333,14.31596,6.0,6.0,3.0,0.0,1.0,1.0,0.0,1.0,17247
203,ID,Preston,823.1111,12.296419,3.0,3.0,3.0,1.0,1.0,0.0,0.0,0.0,4682
204,ID,Twin Falls,1932.8889,3.9229445,5.0,5.0,0.0,5.0,0.0,1.0,1.0,0.0,34469
205,IL,Alton,13718.777,0.17391308,12.0,12.0,3.0,3.0,1.0,1.0,1.0,0.0,30496
206,IL,Aurora,6905.8335,0.08386426,6.75,6.5,4.0,0.0,0.0,1.0,0.0,0.0,100290389052955840
207,IL,Batavia,5061.6665,0.091175616,6.5,6.5,0.0,1.0,1.0,3.0,0.0,0.0,238660
208,IL,Belleville,12484.0,0.27175388,9.0,9.0,2.0,1.0,1.0,2.0,1.0,0.0,41410
209,IL,Bloomington,18230.334,0.028194945,9.0,9.0,9.0,5.0,0.0,9.0,0.0,0.0,64808
210,IL,Carbondale,9302.223,1.5335526,7.0,7.0,2.0,3.0,1.0,1.0,1.0,0.0,20681
211,IL,Champaign,16603.111,,9.0,9.0,8.0,5.0,1.0,6.0,0.0,1.0,67518
212,IL,Chicago,8208.723,0.6702029,9.0,9.0,101.0,61.0,14.0,58.0,15.0,3.0,28960142
213,IL,Crystal Lake,6472.3335,0.16089588,6.0,6.0,5.0,2.0,1.0,1.0,0.0,0.0,38000
214,IL,DeKalb,7773.8887,0.013514911,8.0,8.0,3.0,1.0,2.0,2.0,1.0,0.0,39018
215,IL,Decatur,11155.556,0.03671694,7.0,7.0,8.0,2.0,1.0,0.0,1.0,0.0,81860
216,IL,Des Plaines,12279.444,1.2681445,12.0,12.0,3.0,2.0,0.0,1.0,0.0,0.0,58720
217,IL,Dixon,9587.556,0.036973618,4.0,4.0,4.0,3.0,1.0,1.0,2.0,1.0,15941
218,IL,East Peoria,8777.556,0.46529797,11.0,11.0,1.0,1.0,1.0,2.0,0.0,0.0,22638
219,IL,Edwardsville,13718.777,0.17391308,12.0,12.0,4.0,2.0,1.0,0.0,0.0,0.0,21491
220,IL,Elgin,9132.389,0.6891172,9.5,9.5,5.0,3.0,1.0,2.0,1.0,0.0,7401320474
221,IL,Elmhurst,8208.723,0.6702029,9.0,9.0,1.0,1.0,1.0,2.0,1.0,0.0,427620
222,IL,Evanston,12279.444,1.2681445,12.0,12.0,0.0,2.0,2.0,3.0,0.0,0.0,74239
223,IL,Galesburg,7839.5557,0.23276342,8.0,8.0,2.0,5.0,0.0,1.0,1.0,0.0,33706
224,IL,Geneva,5985.3335,0.11008984,7.0,7.0,3.0,0.0,0.0,3.0,0.0,0.0,19515
225,IL,Granite City,13718.777,0.17391308,12.0,12.0,4.0,0.0,0.0,3.0,2.0,0.0,31301
226,IL,Joliet,8750.0,0.076552905,7.0,7.0,3.0,2.0,0.0,2.0,1.0,1.0,105597624
227,IL,Macomb,7069.5557,0.14587323,8.0,8.0,1.0,1.0,0.0,1.0,2.0,0.0,18558
228,IL,McHenry,6472.3335,0.16089588,6.0,6.0,1.0,2.0,1.0,1.0,0.0,0.0,21501
229,IL,Moline,5478.1113,0.63151616,7.0,7.0,4.0,0.0,0.0,3.0,0.0,0.0,43768
230,IL,Morris,7883.3335,0.055227567,7.0,7.0,2.0,2.0,1.0,0.0,0.0,0.0,11928
231,IL,O'Fallon,12484.0,0.27175388,9.0,9.0,1.0,1.0,1.0,2.0,0.0,0.0,21910
232,IL,Ottawa,16719.555,0.32496455,11.0,11.0,2.0,2.0,0.0,1.0,0.0,0.0,18307
233,IL,Pekin,7898.1665,0.60371226,11.5,11.5,0.0,5.0,1.0,1.0,0.0,0.0,338570
234,IL,Peoria,7018.778,0.7421265,12.0,12.0,12.0,5.0,1.0,10.0,1.0,0.0,112936
235,IL,Quincy,13105.333,0.21125396,7.0,7.0,4.0,4.0,1.0,2.0,0.0,0.0,40366
236,IL,Rock Island,5478.1113,0.63151616,7.0,7.0,4.0,2.0,0.0,0.0,0.0,0.0,39684
237,IL,Rockford,5573.8887,0.08410212,6.0,6.0,4.0,4.0,1.0,4.0,0.0,0.0,150115
238,IL,Springfield,14982.889,0.037715312,9.0,9.0,6.0,3.0,1.0,10.0,4.0,1.0,111454
239,IL,St. Charles,5061.6665,0.091175616,6.5,6.5,1.0,1.0,1.0,4.0,0.0,0.0,27727169
240,IL,Sterling,8018.3335,0.07683363,3.0,3.0,4.0,0.0,0.0,1.0,0.0,0.0,15451
241,IL,Sycamore,7773.8887,0.013514911,8.0,8.0,4.0,1.0,1.0,0.0,0.0,0.0,12020
242,IL,Urbana,16603.111,,9.0,9.0,5.0,2.0,0.0,4.0,0.0,0.0,36395
243,IL,Washington,8777.556,0.46529797,11.0,11.0,2.0,1.0,1.0,2.0,0.0,0.0,10841
244,IL,Waterloo,6494.1113,1.0786456,4.0,4.0,5.0,1.0,0.0,0.0,0.0,0.0,7614
245,IL,Waukegan,4384.4443,0.2082759,7.0,7.0,3.0,0.0,0.0,1.0,1.0,0.0,87901
246,IL,Woodstock,6472.3335,0.16089588,6.0,6.0,2.0,2.0,0.0,2.0,0.0,0.0,20151
247,IN,Bloomington,6777.5557,2.7642534,5.0,5.0,7.0,3.0,1.0,3.0,0.0,0.0,69291
248,IN,Carmel,5791.6665,0.06763489,15.0,15.0,3.0,4.0,2.0,7.0,0.0,0.0,37733
249,IN,Crawfordsville,8506.667,0.07886852,6.0,6.0,5.0,0.0,0.0,0.0,0.0,0.0,15243
250,IN,Crown Point,7574.778,0.044510078,7.0,7.0,1.0,4.0,0.0,1.0,0.0,0.0,19806
251,IN,Elkhart,4867.0,0.03767431,10.0,10.0,9.0,1.0,1.0,0.0,0.0,0.0,51874
252,IN,Evansville,3782.7778,0.107599765,6.0,6.0,5.0,4.0,1.0,1.0,0.0,0.0,121582
253,IN,Fort Wayne,9151.333,0.057141762,6.0,6.0,9.0,3.0,0.0,4.0,1.0,0.0,205727
254,IN,Gary,7574.778,0.044510078,7.0,7.0,4.0,0.0,1.0,1.0,1.0,0.0,102746
255,IN,Goshen,4867.0,0.03767431,10.0,10.0,2.0,3.0,0.0,0.0,0.0,0.0,29383
256,IN,Greenwood,5408.1113,0.103260435,8.0,8.0,4.0,0.0,0.0,1.0,0.0,0.0,36037
257,IN,Hammond,7574.778,0.044510078,7.0,7.0,5.0,1.0,0.0,1.0,0.0,1.0,83048
258,IN,La Porte,7647.6665,0.07971741,6.0,6.0,2.0,3.0,0.0,0.0,0.0,0.0,21621
259,IN,Lafayette,7478.8887,0.28699058,12.0,12.0,6.0,3.0,0.0,1.0,2.0,0.0,56397
260,IN,Michigan City,7647.6665,0.07971741,6.0,6.0,5.0,1.0,0.0,0.0,1.0,0.0,32900
261,IN,Mishawaka,4997.3335,0.04408903,6.0,6.0,4.0,3.0,0.0,2.0,4.0,0.0,46557
262,IN,Noblesville,5791.6665,0.06763489,15.0,15.0,3.0,1.0,0.0,0.0,1.0,0.0,28590
263,IN,Portage,6201.778,0.21703453,6.0,6.0,1.0,3.0,1.0,2.0,1.0,1.0,33496
264,IN,Richmond,5855.222,0.09590972,9.0,9.0,3.0,0.0,1.0,1.0,2.0,0.0,39124
265,IN,South Bend,4997.3335,0.04408903,6.0,6.0,9.0,4.0,1.0,9.0,1.0,0.0,107789
266,IN,Terre Haute,7490.778,0.19089541,5.0,5.0,6.0,2.0,1.0,2.0,1.0,0.0,59614
267,IN,Valparaiso,6201.778,0.21703453,6.0,6.0,7.0,1.0,0.0,4.0,2.0,0.0,27428
268,IN,West Lafayette,7478.8887,0.28699058,12.0,12.0,3.0,2.0,0.0,1.0,0.0,1.0,28778
269,KS,Lawrence,9077.333,0.854436,6.0,6.0,7.0,0.0,0.0,3.0,3.0,0.0,80098
270,KS,Leawood,9389.667,0.38834074,14.0,14.0,2.0,1.0,1.0,0.0,1.0,0.0,27656
271,KS,Manhattan,13817.389,0.57605964,10.5,10.5,1.0,2.0,1.0,1.0,0.0,0.0,448283
272,KS,Olathe,9389.667,0.38834074,14.0,14.0,2.0,0.0,2.0,1.0,0.0,0.0,92962
273,KS,Overland Park,9389.667,0.38834074,14.0,14.0,7.0,4.0,2.0,6.0,1.0,1.0,149080
274,KS,Salina,9591.777,0.10108906,8.0,8.0,3.0,2.0,0.0,1.0,0.0,0.0,45679
275,KS,Topeka,11254.556,0.17435788,8.0,8.0,5.0,1.0,1.0,2.0,1.0,0.0,122377
276,KS,Wichita,16268.777,0.019913761,12.0,12.0,13.0,3.0,0.0,3.0,4.0,1.0,344284
277,KY,Bowling Green,8138.5557,1.1654161,9.0,9.0,6.0,1.0,3.0,0.0,0.0,0.0,49296
278,KY,Danville,1991.1111,4.7911296,4.0,4.0,8.0,1.0,1.0,1.0,0.0,0.0,15477
279,KY,Frankfort,3191.0,3.7686489,5.0,5.0,7.0,2.0,0.0,4.0,1.0,0.0,27741
280,KY,Louisville,7376.5557,0.8434252,9.0,9.0,19.0,10.0,5.0,8.0,3.0,0.0,256231
281,KY,Mount Sterling,2252.7778,3.4039078,3.0,3.0,4.0,1.0,1.0,1.0,0.0,0.0,5876
282,KY,Radcliff,10852.111,1.8464404,8.0,8.0,2.0,1.0,0.0,1.0,1.0,0.0,21961
283,KY,Winchester,3033.5557,2.2924325,5.0,5.0,17.0,5.0,0.0,2.0,2.0,1.0,16724
284,LA,Baton Rouge,15500.556,0.07697875,10.0,10.0,6.0,2.0,3.0,4.0,2.0,0.0,227818
285,LA,Bogalusa,15395.667,0.0134908995,5.0,5.0,3.0,2.0,0.0,0.0,0.0,0.0,13365
286,LA,Covington,31173.777,0.008169348,8.0,8.0,1.0,0.0,3.0,0.0,1.0,0.0,8483
287,LA,Hammond,24485.334,0.008276204,9.0,9.0,4.0,0.0,1.0,0.0,0.0,0.0,17639
288,LA,Lafayette,5118.222,0.0051719127,11.0,11.0,5.0,2.0,1.0,3.0,0.0,0.0,110257
289,LA,Mandeville,31173.777,0.008169348,8.0,8.0,4.0,1.0,1.0,0.0,0.0,0.0,10489
290,LA,Monroe,9931.0,0.051178604,7.0,7.0,2.0,1.0,0.0,2.0,0.0,0.0,53107
291,LA,New Orleans,9303.667,0.28630322,7.0,7.0,37.0,14.0,5.0,16.0,2.0,3.0,484674
292,LA,Shreveport,12362.333,0.05841118,5.5,5.5,1.0,1.0,2.0,1.0,1.0,0.0,199411734
293,LA,Slidell,31173.777,0.008169348,8.0,8.0,6.0,2.0,0.0,0.0,0.0,0.0,25695
294,MA,Beverly,1755.8889,0.98772645,3.0,3.0,2.0,0.0,2.0,0.0,1.0,0.0,39862
295,MA,Boston,251.88889,0.8239823,6.0,6.0,13.0,2.0,6.0,9.0,1.0,1.0,589141
296,MA,Cambridge,2678.4443,0.94050753,6.0,6.0,5.0,0.0,0.0,2.0,0.0,0.0,101355
297,MA,Fall River,1224.1111,0.13652176,4.0,4.0,3.0,1.0,0.0,1.0,0.0,0.0,91938
298,MA,Newton,2678.4443,0.94050753,6.0,6.0,2.0,0.0,0.0,2.0,1.0,2.0,83829
299,MA,Somerville,2678.4443,0.94050753,6.0,6.0,1.0,1.0,0.0,2.0,1.0,0.0,77478
300,MA,Springfield,2544.889,3.4343317,7.0,7.0,1.0,1.0,0.0,2.0,1.0,0.0,152082
301,MA,Taunton,1224.1111,0.13652176,4.0,4.0,4.0,1.0,0.0,1.0,0.0,0.0,55976
302,MA,Woburn,2678.4443,0.94050753,6.0,6.0,2.0,2.0,0.0,2.0,0.0,0.0,37258
303,MD,Baltimore,996.7778,0.56668454,5.0,5.0,8.0,2.0,4.0,5.0,2.0,2.0,651154
304,ME,Auburn,739.7778,2.0392306,10.0,10.0,1.0,1.0,1.0,3.0,0.0,0.0,23203
305,ME,Bangor,5097.222,0.9078704,17.0,17.0,1.0,4.0,0.0,2.0,1.0,0.0,31473
306,ME,Biddeford,3369.5557,1.5168786,12.0,12.0,5.0,0.0,1.0,2.0,0.0,0.0,20942
307,ME,Lewiston,739.7778,2.0392306,10.0,10.0,3.0,2.0,0.0,3.0,0.0,0.0,35690
308,ME,Portland,2335.5557,1.7523807,14.0,14.0,5.0,1.0,2.0,4.0,0.0,0.0,64249
309,ME,Westbrook,2335.5557,1.7523807,14.0,14.0,0.0,2.0,0.0,3.0,0.0,0.0,16142
310,MI,Alpena,2821.6667,0.150624,3.0,3.0,11.0,1.0,0.0,2.0,3.0,0.0,11304
311,MI,Ann Arbor,5511.222,0.20465596,8.0,8.0,2.0,7.0,1.0,1.0,2.0,0.0,114024
312,MI,Detroit,5278.1113,0.103968486,12.0,12.0,12.0,4.0,2.0,1.0,2.0,0.0,951270
313,MI,Dowagiac,4583.8887,0.30483523,6.0,6.0,3.0,1.0,1.0,1.0,0.0,0.0,6147
314,MI,East Lansing,5068.8887,0.017770832,10.5,10.5,3.0,0.0,3.0,3.0,2.0,0.0,4649134
315,MI,Escanaba,4118.4443,0.09999215,6.0,6.0,3.0,0.0,0.0,1.0,1.0,0.0,13140
316,MI,Grand Rapids,7241.8887,0.2587837,15.0,15.0,11.0,5.0,0.0,6.0,3.0,0.0,197800
317,MI,Kalamazoo,5818.1113,0.24657959,12.0,12.0,2.0,2.0,0.0,1.0,0.0,0.0,77145
318,MI,Lansing,5104.722,0.024975859,9.0,9.0,4.0,2.0,0.0,2.0,0.0,0.0,1143214807
319,MI,Livonia,5278.1113,0.103968486,12.0,12.0,3.0,0.0,0.0,0.0,2.0,0.0,100545
320,MI,Marquette,5550.3335,1.5094823,6.0,6.0,3.0,0.0,0.0,1.0,1.0,0.0,19661
321,MI,Niles,4924.5557,0.43492544,6.0,6.0,8.0,0.0,0.0,1.0,1.0,1.0,121995
322,MI,Rochester Hills,5579.778,0.12197839,10.0,10.0,2.0,1.0,0.0,2.0,0.0,0.0,68825
323,MI,Troy,5579.778,0.12197839,10.0,10.0,10.0,8.0,2.0,4.0,2.0,1.0,80959
324,MI,Warren,3314.6667,0.034192674,6.0,6.0,5.0,0.0,0.0,1.0,0.0,0.0,138247
325,MI,Wyoming,7241.8887,0.2587837,15.0,15.0,3.0,1.0,0.0,2.0,1.0,0.0,69368
326,MN,Albert Lea,6128.0,0.01838252,12.0,12.0,4.0,7.0,1.0,0.0,0.0,0.0,18356
327,MN,Alexandria,3583.3333,0.121104695,9.0,9.0,0.0,3.0,0.0,1.0,0.0,1.0,8820
328,MN,Apple Valley,3956.4443,0.7974486,18.0,18.0,3.0,0.0,0.0,2.0,0.0,0.0,45527
329,MN,Austin,5831.222,0.0034100628,10.0,10.0,3.0,8.0,0.0,4.0,1.0,0.0,23314
330,MN,Duluth,19885.223,1.058932,14.0,14.0,3.0,1.0,0.0,4.0,3.0,0.0,86918
331,MN,Eden Prairie,5022.0,0.6045814,15.0,15.0,5.0,1.0,0.0,1.0,0.0,0.0,54901
332,MN,Grand Rapids,9844.223,0.5069165,12.0,12.0,4.0,1.0,0.0,0.0,0.0,0.0,7764
333,MN,Marshall,4538.778,0.05513902,7.0,7.0,0.0,3.0,0.0,2.0,0.0,0.0,12735
334,MN,Minneapolis,5022.0,0.6045814,15.0,15.0,57.0,53.0,10.0,25.0,10.0,1.0,382618
335,MN,Plymouth,5022.0,0.6045814,15.0,15.0,3.0,0.0,0.0,2.0,0.0,0.0,65894
336,MN,Rochester,4703.778,1.0690836,10.0,10.0,3.0,4.0,1.0,1.0,1.0,0.0,85806
337,MN,St. Cloud,4902.074,0.06275872,13.0,12.0,2.0,2.0,0.0,2.0,1.0,0.0,4673463915982
338,MN,Winona,4000.2222,6.4834175,7.0,7.0,4.0,4.0,0.0,2.0,0.0,0.0,27069
339,MO,Ballwin,8855.0,0.99735224,9.0,9.0,7.0,2.0,1.0,3.0,1.0,0.0,31283
340,MO,Branson,7940.222,7.392039,4.5,4.5,3.0,0.0,1.0,1.0,2.0,0.0,60500
341,MO,Cape Girardeau,10428.333,1.2447112,5.5,5.5,3.0,2.0,2.0,3.0,1.0,0.0,353490
342,MO,Chesterfield,8855.0,0.99735224,9.0,9.0,3.0,0.0,3.0,6.0,3.0,1.0,46802
343,MO,Clayton,8855.0,0.99735224,9.0,9.0,2.0,2.0,1.0,2.0,1.0,0.0,12825
344,MO,Columbia,11525.223,0.8923992,10.0,10.0,7.0,3.0,4.0,19.0,1.0,0.0,84531
345,MO,Creve Coeur,8855.0,0.99735224,9.0,9.0,1.0,2.0,0.0,3.0,0.0,1.0,16500
346,MO,Ellisville,8855.0,0.99735224,9.0,9.0,1.0,0.0,1.0,2.0,1.0,0.0,9104
347,MO,Farmington,7750.222,2.7200818,5.0,5.0,4.0,2.0,1.0,1.0,0.0,0.0,13924
348,MO,Florissant,8855.0,0.99735224,9.0,9.0,7.0,1.0,2.0,0.0,1.0,0.0,50497
349,MO,Hazelwood,8855.0,0.99735224,9.0,9.0,3.0,1.0,2.0,0.0,1.0,0.0,26206
350,MO,Independence,10595.889,0.69182837,11.5,11.5,6.0,0.0,0.0,2.0,2.0,0.0,1132880
351,MO,Jefferson City,9255.389,1.910108,9.5,9.5,9.0,1.0,0.0,6.0,1.0,0.0,3961125
352,MO,Kirksville,11169.556,0.24020176,6.0,6.0,2.0,1.0,0.0,1.0,1.0,0.0,16988
353,MO,Kirkwood,8855.0,0.99735224,9.0,9.0,3.0,0.0,1.0,5.0,0.0,0.0,27324
354,MO,Lee's Summit,13561.5,0.5859065,11.5,11.5,3.0,0.0,1.0,5.0,1.0,0.0,695201180
355,MO,Manchester,8855.0,0.99735224,9.0,9.0,2.0,0.0,0.0,3.0,0.0,0.0,19161
356,MO,Maryland Heights,8855.0,0.99735224,9.0,9.0,2.0,0.0,0.0,4.0,0.0,0.0,25756
357,MO,O'Fallon,10212.444,1.0060967,10.0,10.0,7.0,3.0,5.0,4.0,0.0,0.0,46169
358,MO,Rolla,9995.889,3.4540436,8.0,8.0,4.0,4.0,0.0,0.0,0.0,0.0,16367
359,MO,Springfield,7759.0557,2.4570055,11.0,11.0,8.0,5.0,1.0,7.0,2.0,1.0,1515764
360,MO,St. Louis,1182.8889,0.6849888,5.0,5.0,67.0,53.0,15.0,50.0,6.0,4.0,348189
361,MO,St. Peters,10212.444,1.0060967,10.0,10.0,6.0,4.0,4.0,4.0,0.0,0.0,51381
362,MO,University City,8855.0,0.99735224,9.0,9.0,1.0,1.0,0.0,5.0,0.0,1.0,37428
363,MO,Valley Park,8855.0,0.99735224,9.0,9.0,2.0,0.0,1.0,2.0,0.0,0.0,6518
364,MO,Warrensburg,12412.444,0.114409976,6.0,6.0,2.0,0.0,1.0,1.0,1.0,0.0,16340
365,MO,Webster Groves,8855.0,0.99735224,9.0,9.0,0.0,3.0,0.0,5.0,0.0,0.0,23230
366,MO,Wentzville,10212.444,1.0060967,10.0,10.0,2.0,1.0,1.0,2.0,0.0,0.0,6896
367,MO,Wildwood,8855.0,0.99735224,9.0,9.0,4.0,1.0,1.0,4.0,0.0,1.0,32884
368,MS,Batesville,13287.223,0.147496,4.0,4.0,5.0,7.0,0.0,6.0,1.0,0.0,7113
369,MS,Biloxi,16989.555,0.0057156226,5.0,5.0,2.0,2.0,1.0,0.0,0.0,0.0,50644
370,MS,Brandon,15910.0,0.08602947,7.0,7.0,5.0,0.0,0.0,2.0,1.0,0.0,16436
371,MS,Brookhaven,12844.667,0.06443427,5.0,5.0,4.0,0.0,1.0,0.0,1.0,0.0,9861
372,MS,Cleveland,14459.333,0.024242355,9.0,9.0,3.0,2.0,0.0,1.0,0.0,0.0,13841
373,MS,Columbus,9400.889,0.17015195,7.0,7.0,2.0,1.0,1.0,1.0,0.0,0.0,25944
374,MS,Flowood,15910.0,0.08602947,7.0,7.0,3.0,2.0,1.0,3.0,0.0,0.0,4750
375,MS,Gulfport,16989.555,0.0057156226,5.0,5.0,3.0,1.0,0.0,2.0,0.0,0.0,71127
376,MS,Hattiesburg,9896.777,0.03405955,6.5,6.5,3.0,2.0,0.0,2.0,0.0,0.0,424752304
377,MS,Jackson,13954.111,0.08087018,6.666666666666668,7.0,33.0,28.0,6.0,9.0,9.0,2.0,1837235330
378,MS,Natchez,10060.667,0.46081161,6.0,6.0,9.0,3.0,1.0,0.0,1.0,0.0,18464
379,MS,Oxford,14388.0,0.38866127,6.0,6.0,9.0,2.0,0.0,5.0,3.0,0.0,11756
380,MS,Picayune,18493.334,0.018187754,7.0,7.0,16.0,6.0,0.0,1.0,3.0,2.0,10535
381,MS,Tupelo,9408.333,0.13712993,7.0,7.0,1.0,1.0,1.0,2.0,0.0,0.0,34211
382,MS,Vicksburg,9525.444,0.61973375,8.0,8.0,10.0,3.0,2.0,2.0,2.0,2.0,26407
383,MT,Billings,8346.223,1.7484598,8.0,8.0,9.0,3.0,1.0,5.0,0.0,1.0,89847
384,MT,Bozeman,4163.4443,13.843537,7.0,7.0,3.0,2.0,1.0,0.0,0.0,0.0,27509
385,MT,Great Falls,3864.5557,7.6850533,6.0,6.0,4.0,5.0,2.0,2.0,0.0,0.0,56690
386,MT,Havre,4894.3335,0.93049055,4.0,4.0,6.0,2.0,0.0,2.0,0.0,0.0,9621
387,MT,Helena,4425.6665,16.56337,7.0,7.0,2.0,2.0,0.0,2.0,0.0,0.0,25780
388,MT,Laurel,8346.223,1.7484598,8.0,8.0,2.0,1.0,0.0,0.0,2.0,0.0,6255
389,MT,Missoula,2046.4445,25.464859,5.0,5.0,5.0,8.0,0.0,3.0,1.0,0.0,57053
390,NC,Asheboro,8107.8887,0.7710823,8.0,8.0,1.0,3.0,0.0,1.0,0.0,0.0,21672
391,NC,Charlotte,6983.778,0.2449885,12.0,12.0,27.0,23.0,6.0,15.0,6.0,2.0,540828
392,NC,Concord,4388.778,0.3580597,8.0,8.0,5.0,1.0,0.0,1.0,0.0,0.0,55977
393,NC,Dunn,8406.889,0.094109155,5.0,5.0,6.0,1.0,0.0,0.0,0.0,0.0,9196
394,NC,Durham,5349.593,0.42763337,7.666666666666668,7.0,8.0,3.0,5.0,10.0,1.0,0.0,186996390
395,NC,Eden,5880.5557,1.1838458,3.0,3.0,8.0,1.0,0.0,1.0,0.0,0.0,15908
396,NC,Fayetteville,9071.223,0.03177449,6.0,6.0,6.0,3.0,0.0,4.0,1.0,0.0,121015
397,NC,Greensboro,7192.222,0.18715127,11.0,11.0,21.0,12.0,2.0,17.0,7.0,0.0,223891
398,NC,Greenville,6543.778,0.007710505,4.0,4.0,10.0,9.0,2.0,8.0,2.0,0.0,60476
399,NC,Hickory,4631.852,4.9100714,5.0,5.0,8.0,5.0,0.0,2.0,2.0,0.0,371456314
400,NC,High Point,6517.5,0.6741037,9.75,10.0,11.0,5.0,2.0,4.0,1.0,0.0,846561163146
401,NC,Jacksonville,9485.333,0.0036002342,2.0,2.0,4.0,5.0,1.0,0.0,1.0,0.0,66715
402,NC,Kannapolis,5312.4443,0.31457728,7.5,7.5,6.0,2.0,1.0,3.0,0.0,0.0,278909020
403,NC,Lexington,6388.1113,0.9145772,10.0,10.0,2.0,1.0,0.0,1.0,0.0,1.0,19953
404,NC,Marion,3970.3333,16.9312,5.0,5.0,7.0,1.0,0.0,2.0,1.0,0.0,4943
405,NC,Mebane,3897.6667,0.48655295,6.0,6.0,1.0,1.0,0.0,3.0,0.0,0.0,6609675
406,NC,Morganton,4823.1113,3.7888503,7.0,7.0,5.0,0.0,1.0,0.0,0.0,0.0,17310
407,NC,Newton,4879.0,0.8549214,3.0,3.0,2.0,2.0,1.0,0.0,0.0,0.0,12560
408,NC,Raleigh,6329.8887,0.29565012,8.5,8.5,53.0,45.0,5.0,19.0,6.0,2.0,2760930
409,NC,Reidsville,5880.5557,1.1838458,3.0,3.0,1.0,2.0,0.0,1.0,2.0,0.0,14485
410,NC,Roxboro,3695.2222,0.27659345,3.0,3.0,2.0,4.0,0.0,0.0,0.0,0.0,8696
411,NC,Salisbury,6236.1113,0.27109486,7.0,7.0,25.0,12.0,1.0,3.0,3.0,0.0,26462
412,NC,Statesville,6693.4443,0.9505807,8.0,8.0,12.0,10.0,0.0,0.0,1.0,0.0,23320
413,NC,Thomasville,7248.0,0.8428297,9.0,9.0,6.0,2.0,0.0,0.0,1.0,0.0,197880
414,NC,Washington,8828.223,0.009616108,5.0,5.0,7.0,3.0,0.0,1.0,1.0,0.0,9583
415,NC,Wilmington,3135.3333,0.007543266,3.0,3.0,7.0,2.0,1.0,2.0,1.0,0.0,75838
416,NC,Wilson,4183.1113,0.042108685,4.0,4.0,11.0,14.0,4.0,5.0,3.0,0.0,44405
417,ND,Bismarck,7769.6665,0.14121906,5.0,5.0,5.0,8.0,0.0,5.0,0.0,0.0,55532
418,ND,Fargo,9689.556,0.0022557622,11.0,11.0,5.0,6.0,1.0,2.0,1.0,0.0,90599
419,ND,Minot,7667.6665,0.19451223,5.0,5.0,3.0,5.0,2.0,3.0,4.0,0.0,36567
420,ND,Williston,7995.8887,0.29174405,5.0,5.0,3.0,0.0,0.0,2.0,1.0,0.0,12512
421,NE,Cozad,7558.5557,0.50383615,12.0,12.0,4.0,1.0,0.0,1.0,0.0,0.0,4163
422,NE,Fremont,4518.222,0.047414374,9.0,9.0,4.0,4.0,1.0,0.0,1.0,0.0,25174
423,NE,Grand Island,4202.0,0.008938994,8.0,8.0,3.0,6.0,0.0,1.0,1.0,0.0,42940
424,NE,Hastings,4194.3335,0.32934353,7.0,7.0,1.0,4.0,0.0,1.0,0.0,0.0,24064
425,NE,Kearney,7226.6665,0.02384551,7.0,7.0,3.0,5.0,0.0,1.0,0.0,0.0,27431
426,NE,Lincoln,10490.0,0.014590636,7.0,7.0,8.0,15.0,0.0,10.0,6.0,1.0,225581
427,NE,Norfolk,4236.6665,0.03669869,6.0,6.0,7.0,5.0,0.0,2.0,1.0,0.0,23516
428,NE,North Platte,23010.889,0.5082657,9.0,9.0,0.0,5.0,0.0,0.0,1.0,0.0,23878
429,NE,Omaha,4304.0,0.53586197,7.0,7.0,35.0,22.0,6.0,21.0,3.0,0.0,390007
430,NE,Scottsbluff,3266.0,0.95984524,5.0,5.0,2.0,3.0,0.0,2.0,0.0,0.0,14732
431,NE,York,6024.8887,0.0005400238,6.0,6.0,1.0,6.0,1.0,2.0,1.0,0.0,8081
432,NJ,Atlantic City,2347.111,0.06815684,2.0,2.0,2.0,0.0,0.0,1.0,2.0,0.0,40517
433,NJ,Clifton,1276.6666,3.7598584,7.0,7.0,6.0,1.0,0.0,4.0,1.0,0.0,78672
434,NJ,Jersey City,418.22223,1.0603478,6.0,6.0,2.0,1.0,2.0,6.0,0.0,0.0,240055
435,NJ,Newark,842.6667,1.4122719,4.0,4.0,6.0,1.0,1.0,4.0,1.0,0.0,273546
436,NJ,Somers Point,2347.111,0.06815684,2.0,2.0,3.0,1.0,0.0,0.0,1.0,0.0,11614
437,NJ,Vineland,3330.889,0.01768124,2.0,2.0,3.0,1.0,0.0,2.0,2.0,0.0,56271
438,NM,Albuquerque,6595.778,5.3446794,10.0,10.0,58.0,19.0,10.0,35.0,5.0,5.0,448607
439,NM,Belen,5197.778,2.0143957,5.0,5.0,1.0,2.0,0.0,2.0,0.0,0.0,6901
440,NM,Clovis,13182.111,0.00294229,6.0,6.0,6.0,2.0,0.0,0.0,1.0,0.0,32667
441,NM,Las Cruces,20344.555,2.1919017,6.0,6.0,11.0,6.0,1.0,8.0,1.0,1.0,74267
442,NM,Rio Rancho,15782.723,5.4289656,8.0,8.0,6.0,1.0,3.0,4.0,1.0,0.0,517650
443,NM,Roswell,49909.445,2.4379642,10.0,10.0,4.0,1.0,0.0,0.0,0.0,0.0,45293
444,NM,Santa Fe,13045.556,7.0043664,8.0,8.0,12.0,4.0,3.0,6.0,3.0,0.0,62203
445,NV,Elko,22534.555,9.722985,6.0,6.0,3.0,4.0,0.0,0.0,0.0,0.0,16708
446,NV,Las Vegas,20966.666,4.886112,10.0,10.0,6.0,0.0,0.0,1.0,1.0,0.0,478434
447,NV,Reno,4309.6665,10.778696,5.0,5.0,15.0,17.0,7.0,8.0,2.0,1.0,180480
448,NV,Sparks,4309.6665,10.778696,5.0,5.0,3.0,0.0,0.0,2.0,0.0,0.0,66346
449,NY,Albany,3061.2222,3.0809696,8.0,8.0,1.0,2.0,0.0,6.0,0.0,0.0,95658
450,NY,Auburn,4107.1113,1.1467451,6.0,6.0,11.0,6.0,2.0,3.0,0.0,1.0,28574
451,NY,Buffalo,5930.6665,0.8972195,7.0,7.0,4.0,2.0,1.0,1.0,0.0,0.0,292648
452,NY,Jamestown,7108.8887,2.2175362,10.0,10.0,7.0,1.0,1.0,1.0,1.0,0.0,31730
453,NY,New York,465.26666,1.6696166,7.4,7.0,109.0,37.0,19.0,100.0,23.0,4.0,2465326222937915371951332650443728
454,NY,Rochester,3486.2222,0.57976025,9.0,9.0,5.0,1.0,0.0,4.0,1.0,0.0,219773
455,NY,Saratoga Springs,4448.778,2.346838,5.0,5.0,5.0,1.0,0.0,0.0,0.0,0.0,26186
456,NY,Schenectady,1354.8889,1.4436846,6.0,6.0,2.0,0.0,1.0,2.0,0.0,0.0,61821
457,NY,Syracuse,4899.4443,2.6639636,6.0,6.0,1.0,2.0,0.0,3.0,1.0,0.0,147306
458,NY,Watertown,4128.0,0.518511,6.0,6.0,6.0,0.0,1.0,2.0,0.0,0.0,26705
459,OH,Akron,3922.2222,0.9527796,11.0,11.0,4.0,4.0,0.0,2.0,0.0,0.0,217074
460,OH,Athens,6394.222,5.7811136,8.0,8.0,8.0,0.0,0.0,1.0,0.0,0.0,21342
461,OH,Canton,6938.5557,1.1182084,7.0,7.0,2.0,1.0,0.0,5.0,0.0,0.0,80806
462,OH,Centerville,5598.0,0.29188946,7.0,7.0,6.0,1.0,0.0,0.0,0.0,0.0,23024
463,OH,Chillicothe,9172.111,4.348731,6.0,6.0,5.0,1.0,0.0,0.0,0.0,0.0,21796
464,OH,Cincinnati,5432.4443,2.8215182,6.0,6.0,23.0,19.0,2.0,15.0,5.0,2.0,331285
465,OH,Circleville,5892.4443,0.08086689,6.0,6.0,3.0,1.0,0.0,1.0,0.0,0.0,13485
466,OH,Cleveland,4136.8887,0.635967,12.0,12.0,7.0,5.0,1.0,11.0,2.0,0.0,478403
467,OH,Clyde,3835.7778,0.049639888,6.0,6.0,2.0,1.0,0.0,1.0,1.0,0.0,6064
468,OH,Columbus,6218.2964,0.57939947,7.333333333333332,6.0,31.0,17.0,8.0,25.0,4.0,1.0,70213274471891
469,OH,Dayton,5598.0,0.29188946,7.0,7.0,2.0,1.0,2.0,4.0,0.0,0.0,166179
470,OH,Defiance,4951.222,0.007172155,14.0,14.0,2.0,2.0,1.0,0.0,1.0,0.0,16465
471,OH,Dublin,5605.5186,0.043804724,6.666666666666668,6.0,2.0,0.0,1.0,1.0,1.0,0.0,27087428322
472,OH,East Liverpool,6213.222,3.1679056,6.0,6.0,4.0,0.0,0.0,1.0,1.0,0.0,13089
473,OH,Findlay,5400.5557,0.009959965,10.0,10.0,4.0,2.0,1.0,1.0,1.0,0.0,38967
474,OH,Fostoria,5669.7036,0.070236005,9.333333333333334,10.0,5.0,3.0,0.0,0.0,1.0,0.0,100353054842
475,OH,Fremont,3835.7778,0.049639888,6.0,6.0,4.0,0.0,1.0,1.0,1.0,0.0,17375
476,OH,Green,3922.2222,0.9527796,11.0,11.0,3.0,0.0,0.0,1.0,1.0,0.0,22817
477,OH,Greenville,7593.778,0.012335553,7.0,7.0,2.0,2.0,0.0,0.0,2.0,0.0,13294
478,OH,Ironton,5863.0,10.519113,5.0,5.0,6.0,0.0,3.0,1.0,1.0,0.0,11211
479,OH,Kent,4680.222,0.20180862,8.0,8.0,1.0,1.0,1.0,2.0,0.0,0.0,27906
480,OH,Lakewood,4136.8887,0.635967,12.0,12.0,2.0,0.0,1.0,1.0,1.0,1.0,56646
481,OH,Lancaster,6979.778,1.6248167,6.0,6.0,3.0,2.0,0.0,1.0,0.0,0.0,35335
482,OH,Logan,5592.5557,7.068232,5.0,5.0,6.0,6.0,0.0,1.0,0.0,0.0,6704
483,OH,Loveland,5809.4814,1.8865985,6.333333333333332,6.0,1.0,3.0,1.0,3.0,0.0,0.0,95611835281
484,OH,Mansfield,5308.1113,1.1521518,5.0,5.0,2.0,2.0,1.0,1.0,1.0,0.0,49346
485,OH,Marion,4606.3335,0.0024854133,4.0,4.0,5.0,1.0,0.0,0.0,0.0,0.0,35318
486,OH,Mason,5325.778,1.0411712,9.0,9.0,4.0,2.0,0.0,1.0,0.0,0.0,22016
487,OH,Medina,3949.889,0.20708086,12.0,12.0,2.0,2.0,1.0,0.0,0.0,0.0,25139
488,OH,Miamisburg,5598.0,0.29188946,7.0,7.0,4.0,0.0,0.0,2.0,0.0,0.0,19489
489,OH,Nelsonville,6394.222,5.7811136,8.0,8.0,4.0,1.0,0.0,0.0,1.0,0.0,5230
490,OH,Painesville,1677.4445,0.685425,8.0,8.0,2.0,1.0,0.0,2.0,1.0,0.0,17503
491,OH,Perrysburg,6589.0,0.07978065,10.0,10.0,1.0,2.0,2.0,1.0,1.0,0.0,16945
492,OH,Salem,6213.222,3.1679056,6.0,6.0,6.0,1.0,3.0,1.0,0.0,0.0,12197
493,OH,Springboro,5461.8887,0.6665303,8.0,8.0,0.0,2.0,1.0,1.0,1.0,0.0,12227153
494,OH,Stow,3922.2222,0.9527796,11.0,11.0,2.0,2.0,0.0,1.0,1.0,0.0,32139
495,OH,Tiffin,5019.5557,0.120967396,8.0,8.0,11.0,4.0,1.0,3.0,3.0,1.0,18135
496,OH,Toledo,3433.2222,0.09100187,14.0,14.0,6.0,2.0,1.0,4.0,0.0,0.0,313619
497,OH,Wooster,5467.4443,0.50685203,8.0,8.0,3.0,0.0,0.0,1.0,2.0,0.0,24811
498,OH,Youngstown,4843.8887,0.28598598,8.0,8.0,4.0,2.0,0.0,0.0,0.0,0.0,820260
499,OH,Zanesville,7824.0,4.2494116,6.0,6.0,6.0,1.0,1.0,0.0,0.0,0.0,25586
500,OK,Broken Arrow,11368.0,0.36631188,10.0,10.0,10.0,3.0,1.0,2.0,0.0,0.0,677917068
501,OK,Collinsville,11066.223,0.50540996,8.5,8.5,4.0,4.0,0.0,0.0,0.0,0.0,40725
502,OK,Edmond,11588.333,0.07711609,9.0,9.0,3.0,1.0,0.0,1.0,0.0,0.0,68315
503,OK,Norman,9703.667,0.04988361,11.0,11.0,3.0,1.0,0.0,1.0,3.0,0.0,95694
504,OK,Oklahoma City,12445.973,0.050733358,9.5,9.0,24.0,19.0,7.0,26.0,5.0,0.0,432498472712631152
505,OK,Owasso,11066.223,0.50540996,8.5,8.5,8.0,2.0,3.0,1.0,3.0,0.0,185020
506,OK,Sand Springs,26725.111,0.83527124,10.5,10.5,3.0,3.0,0.0,2.0,0.0,0.0,17172279
507,OK,Tulsa,21527.814,0.68802696,9.333333333333334,10.0,35.0,32.0,5.0,22.0,9.0,0.0,38741956300
508,OR,Albany,267.27777,13.284353,7.5,7.5,11.0,2.0,1.0,4.0,2.0,0.0,357485104
509,OR,Beaverton,94.44444,6.761339,6.0,6.0,4.0,0.0,1.0,4.0,2.0,0.0,76129
510,OR,Bend,2135.0,1.8530682,4.0,4.0,8.0,1.0,2.0,0.0,0.0,0.0,52029
511,OR,Boardman,887.7778,3.571815,2.0,2.0,3.0,1.0,1.0,0.0,0.0,0.0,2855
512,OR,Corvallis,82.333336,14.870024,5.0,5.0,10.0,0.0,1.0,5.0,1.0,0.0,49322
513,OR,Eugene,1135.0,19.62421,9.0,9.0,6.0,3.0,0.0,2.0,2.0,0.0,137893
514,OR,Grants Pass,520.1111,26.041199,5.0,5.0,2.0,3.0,1.0,0.0,0.0,0.0,23003
515,OR,Hillsboro,94.44444,6.761339,6.0,6.0,1.0,2.0,1.0,2.0,0.0,0.0,70186
516,OR,Lebanon,452.22223,11.698684,10.0,10.0,3.0,1.0,1.0,0.0,2.0,0.0,12950
517,OR,Portland,157.48148,6.7712026,9.333333333333334,8.0,37.0,18.0,5.0,9.0,7.0,2.0,5269861388747
518,OR,Salem,113.388885,7.457556,11.0,11.0,10.0,8.0,2.0,9.0,0.0,0.0,11904017884
519,PA,Altoona,3178.3333,10.408593,6.0,6.0,7.0,2.0,0.0,1.0,2.0,0.0,49523
520,PA,Bethlehem,3404.3333,3.4054942,11.0,11.0,1.0,1.0,1.0,1.0,1.0,0.0,5230019029
521,PA,Carbondale,2822.889,6.1169667,10.0,10.0,4.0,0.0,0.0,0.0,1.0,0.0,9804
522,PA,Hazleton,6937.0,7.310545,11.0,11.0,18.0,8.0,0.0,6.0,5.0,0.0,23329
523,PA,Lancaster,9150.111,2.31508,15.0,15.0,5.0,3.0,0.0,0.0,0.0,0.0,56348
524,PA,Lock Haven,5746.778,12.861853,5.0,5.0,3.0,2.0,0.0,1.0,0.0,0.0,9149
525,PA,Philadelphia,1158.3334,1.0016383,5.0,5.0,63.0,37.0,6.0,22.0,14.0,4.0,1517550
526,PA,Pittsburgh,8798.556,8.310252,10.0,10.0,15.0,12.0,0.0,7.0,0.0,0.0,334563
527,PA,Pottsville,5840.5557,9.089398,12.0,12.0,2.0,3.0,0.0,0.0,0.0,0.0,15549
528,PA,Scranton,2822.889,6.1169667,10.0,10.0,5.0,3.0,0.0,1.0,1.0,1.0,76415
529,PA,Warren,6944.6665,9.326709,9.0,9.0,2.0,1.0,1.0,1.0,1.0,0.0,10259
530,RI,Providence,1083.0,0.76541716,3.0,3.0,1.0,1.0,3.0,4.0,0.0,0.0,173618
531,RI,Warwick,414.0,0.5283367,2.0,2.0,2.0,4.0,0.0,1.0,0.0,0.0,85808
532,SC,Charleston,19915.334,0.02919735,8.5,8.5,5.0,2.0,0.0,2.0,2.0,0.0,955281122
533,SC,Columbia,11874.111,0.2605909,9.0,9.0,7.0,3.0,1.0,4.0,1.0,0.0,115876402
534,SC,Florence,12377.556,0.014957655,5.0,5.0,9.0,15.0,2.0,4.0,1.0,0.0,30248
535,SC,Greenville,8731.556,2.8280735,6.0,6.0,2.0,4.0,0.0,0.0,1.0,0.0,56002
536,SC,Myrtle Beach,18829.0,0.059386168,5.0,5.0,6.0,0.0,0.0,0.0,0.0,0.0,22759
537,SC,North Charleston,13006.333,0.034175895,7.5,7.5,1.0,1.0,3.0,3.0,0.0,0.0,762443397
538,SC,Orangeburg,19915.334,0.015588474,13.0,13.0,6.0,4.0,1.0,5.0,0.0,0.0,12765
539,SC,Sumter,10778.444,0.17843692,6.0,6.0,7.0,2.0,0.0,1.0,1.0,0.0,39643
540,SD,Rapid City,13535.444,3.7836246,7.0,7.0,4.0,3.0,0.0,0.0,1.0,0.0,59607
541,SD,Sioux Falls,4992.4443,0.13595884,7.5,7.5,6.0,7.0,0.0,3.0,3.0,0.0,1173556620
542,SD,Yankton,3234.3333,0.2147354,6.0,6.0,8.0,2.0,0.0,0.0,0.0,0.0,13528
543,TN,Bartlett,14433.111,0.067695014,11.0,11.0,4.0,0.0,1.0,0.0,0.0,0.0,40543
544,TN,Bristol,4282.4443,8.691158,7.0,7.0,8.0,4.0,1.0,4.0,1.0,0.0,24821
545,TN,Chattanooga,7152.8887,9.97571,9.5,9.5,6.0,8.0,1.0,3.0,0.0,0.0,1555540
546,TN,Clarksville,9108.0,2.102346,4.0,4.0,4.0,4.0,2.0,2.0,0.0,0.0,103455
547,TN,Cleveland,3899.7778,3.8775735,5.0,5.0,3.0,1.0,0.0,0.0,1.0,0.0,37192
548,TN,Columbia,9699.333,5.1079407,4.0,4.0,4.0,1.0,0.0,0.0,0.0,0.0,33055
549,TN,Elizabethton,2625.0,19.766243,3.0,3.0,3.0,3.0,0.0,1.0,0.0,0.0,13372
550,TN,Jackson,8249.111,0.19376571,7.0,7.0,2.0,3.0,2.0,2.0,0.0,0.0,59643
551,TN,Johnson City,3351.963,11.362227,5.666666666666668,7.0,4.0,2.0,0.0,1.0,0.0,0.0,540911138240
552,TN,Kingsport,4220.3335,11.00094,6.0,6.0,6.0,4.0,0.0,0.0,0.0,0.0,419982907
553,TN,Knoxville,5948.4443,4.1863413,8.0,8.0,9.0,4.0,1.0,4.0,2.0,0.0,173890
554,TN,Lawrenceburg,10900.0,2.1033297,5.0,5.0,6.0,0.0,1.0,0.0,0.0,0.0,10796
555,TN,Memphis,14433.111,0.067695014,11.0,11.0,9.0,12.0,3.0,10.0,2.0,2.0,650100
556,TN,Murfreesboro,8860.111,1.8137505,9.0,9.0,6.0,1.0,1.0,2.0,1.0,0.0,68816
557,TX,Abilene,13280.277,0.33255422,5.5,5.5,3.0,4.0,0.0,1.0,0.0,0.0,1104425488
558,TX,Amarillo,10164.223,0.37202847,9.5,9.5,4.0,1.0,0.0,0.0,0.0,0.0,9983373794
559,TX,Arlington,15584.777,0.1290613,17.0,17.0,7.0,1.0,3.0,0.0,0.0,0.0,332969
560,TX,Austin,16129.5,0.95282006,12.0,12.0,36.0,11.0,19.0,29.0,2.0,1.0,64475211810
561,TX,Beaumont,21988.0,0.0027613677,9.0,9.0,7.0,5.0,1.0,0.0,1.0,0.0,113866
562,TX,Bedford,15584.777,0.1290613,17.0,17.0,3.0,1.0,1.0,0.0,0.0,0.0,47152
563,TX,Bryan,10097.889,0.011876756,8.0,8.0,6.0,4.0,1.0,2.0,1.0,0.0,65660
564,TX,Cedar Hill,18759.666,0.23684983,10.5,10.5,1.0,1.0,1.0,2.0,0.0,0.0,3204449
565,TX,College Station,10097.889,0.011876756,8.0,8.0,13.0,5.0,3.0,11.0,1.0,2.0,67890
566,TX,Dallas,13947.022,0.10065091,11.8,13.0,90.0,57.0,15.0,43.0,10.0,1.0,11211314515522273210
567,TX,Denton,15976.889,0.03147592,13.0,13.0,4.0,1.0,0.0,3.0,0.0,0.0,80537
568,TX,El Paso,4907.0,2.6990714,11.0,11.0,8.0,2.0,2.0,0.0,1.0,0.0,563662
569,TX,Fort Worth,15780.833,0.08026861,15.0,15.0,13.0,9.0,6.0,8.0,0.0,0.0,53465044
570,TX,Friendswood,24992.111,0.0999922,15.0,15.0,3.0,0.0,1.0,1.0,0.0,1.0,212377800
571,TX,Frisco,15726.944,0.018852232,14.0,14.0,1.0,1.0,0.0,2.0,1.0,0.0,303123402
572,TX,Galveston,7118.5557,0.023606297,11.0,11.0,4.0,1.0,1.0,2.0,0.0,0.0,57247
573,TX,Garland,12507.852,0.15572561,13.0,15.0,1.0,0.0,1.0,4.0,0.0,0.0,21576800
574,TX,Georgetown,17645.889,0.24910538,13.0,13.0,3.0,0.0,0.0,3.0,0.0,0.0,28339
575,TX,Hewitt,18573.666,0.09811569,7.0,7.0,4.0,1.0,1.0,0.0,1.0,0.0,11085
576,TX,Houston,27059.926,0.07461157,14.666666666666664,13.0,51.0,25.0,8.0,31.0,6.0,1.0,191978933384458
577,TX,Irving,19108.445,0.45060137,16.0,16.0,3.0,3.0,0.0,1.0,0.0,0.0,191615
578,TX,Keller,15584.777,0.1290613,17.0,17.0,5.0,0.0,0.0,1.0,0.0,0.0,27345
579,TX,Killeen,18640.777,0.32411727,7.0,7.0,4.0,2.0,1.0,0.0,0.0,0.0,86911
580,TX,League City,24992.111,0.0999922,15.0,15.0,5.0,0.0,0.0,1.0,0.0,0.0,45306138
581,TX,Lubbock,9275.889,0.21173877,13.0,13.0,4.0,1.0,1.0,4.0,1.0,0.0,199564
582,TX,McKinney,15477.0,0.0062285443,15.0,15.0,0.0,0.0,3.0,1.0,1.0,1.0,54369
583,TX,Midland,8370.0,0.005136449,7.0,7.0,6.0,2.0,3.0,1.0,1.0,0.0,949960
584,TX,North Richland Hills,15584.777,0.1290613,17.0,17.0,2.0,1.0,2.0,0.0,1.0,0.0,55635
585,TX,Odessa,7629.6113,0.0021959376,9.0,9.0,5.0,5.0,0.0,1.0,0.0,0.0,899011042
586,TX,Orange,10014.0,0.0015449416,6.0,6.0,3.0,2.0,0.0,1.0,0.0,0.0,18643
587,TX,Pearland,27411.852,0.06321727,16.0,16.0,4.0,1.0,1.0,2.0,0.0,0.0,3569619440
588,TX,Pflugerville,16129.5,0.95282006,12.0,12.0,1.0,0.0,0.0,2.0,2.0,0.0,163350
589,TX,Plano,15726.944,0.018852232,14.0,14.0,4.0,1.0,2.0,3.0,0.0,0.0,2198902140
590,TX,Port Arthur,16001.0,0.0021531547,7.5,7.5,8.0,4.0,0.0,2.0,5.0,1.0,577550
591,TX,Port Neches,21988.0,0.0027613677,9.0,9.0,2.0,2.0,1.0,0.0,1.0,0.0,13601
592,TX,Round Rock,16129.5,0.95282006,12.0,12.0,1.0,1.0,2.0,2.0,1.0,0.0,600601076
593,TX,San Angelo,19270.555,0.4101837,5.0,5.0,10.0,1.0,1.0,2.0,1.0,0.0,88439
594,TX,San Antonio,15096.777,0.99390566,10.5,10.5,15.0,11.0,7.0,8.0,2.0,0.0,11446460
595,TX,San Marcos,9432.167,0.3382417,9.5,9.5,7.0,0.0,0.0,2.0,1.0,0.0,347330
596,TX,Schertz,13573.296,0.67000043,9.666666666666666,8.0,2.0,0.0,1.0,2.0,0.0,0.0,173331045316
597,TX,Sugar Land,16179.777,0.009457049,13.0,13.0,5.0,1.0,1.0,2.0,0.0,0.0,63328
598,TX,Temple,18640.777,0.32411727,7.0,7.0,4.0,1.0,0.0,1.0,0.0,1.0,54514
599,TX,Texarkana,14977.333,0.029195769,8.0,8.0,6.0,3.0,0.0,1.0,1.0,0.0,34782
600,TX,Tyler,13258.889,0.21383855,10.0,10.0,2.0,5.0,0.0,0.0,0.0,0.0,83650
601,TX,Waco,18573.666,0.09811569,7.0,7.0,13.0,6.0,0.0,5.0,1.0,1.0,113726
602,UT,Bountiful,897.1111,13.445666,7.0,7.0,1.0,2.0,1.0,1.0,0.0,0.0,41301
603,UT,Draper,3434.2222,12.408371,7.5,7.5,4.0,1.0,0.0,0.0,1.0,0.0,252200
604,UT,Hyrum,1677.6666,11.059493,8.0,8.0,3.0,2.0,0.0,0.0,1.0,0.0,6316
605,UT,Logan,1677.6666,11.059493,8.0,8.0,4.0,2.0,0.0,4.0,1.0,0.0,42670
606,UT,Murray,1805.6666,9.855125,7.0,7.0,1.0,1.0,0.0,3.0,1.0,0.0,34024
607,UT,Park City,5561.4443,22.09425,7.0,7.0,10.0,1.0,1.0,3.0,1.0,0.0,73710
608,UT,Provo,5062.778,14.961617,8.0,8.0,1.0,1.0,1.0,3.0,0.0,0.0,105166
609,UT,Salt Lake City,1805.6666,9.855125,7.0,7.0,78.0,40.0,16.0,22.0,20.0,4.0,181743
610,UT,Sandy,1805.6666,9.855125,7.0,7.0,3.0,1.0,0.0,1.0,0.0,0.0,88418
611,UT,West Jordan,1805.6666,9.855125,7.0,7.0,4.0,1.0,2.0,4.0,0.0,0.0,68336
612,UT,West Valley City,1805.6666,9.855125,7.0,7.0,3.0,0.0,1.0,1.0,1.0,0.0,108896
613,VA,Alexandria,187.88889,0.7595072,4.0,4.0,4.0,1.0,2.0,10.0,1.0,0.0,128283
614,VA,Bristol,139.0,4.2632685,5.0,5.0,12.0,4.0,1.0,1.0,4.0,0.0,17367
615,VA,Charlottesville,105.111115,6.2900457,4.0,4.0,7.0,3.0,2.0,4.0,0.0,0.0,45049
616,VA,Chesapeake,4254.5557,0.017346038,6.0,6.0,5.0,4.0,1.0,3.0,1.0,0.0,199184
617,VA,Danville,407.66666,1.2651727,7.0,7.0,10.0,5.0,2.0,3.0,1.0,0.0,48411
618,VA,Fairfax,85.22222,,4.0,4.0,2.0,0.0,1.0,2.0,0.0,1.0,21498
619,VA,Franklin,103.888885,0.022766083,3.0,3.0,4.0,3.0,1.0,2.0,1.0,0.0,8346
620,VA,Fredericksburg,121.111115,1.2078788,4.0,4.0,10.0,3.0,1.0,3.0,2.0,0.0,19279
621,VA,Hampton,562.2222,0.031080885,2.0,2.0,3.0,1.0,0.0,1.0,1.0,0.0,146437
622,VA,Hopewell,151.55556,0.4143807,2.0,2.0,2.0,3.0,0.0,0.0,0.0,0.0,22354
623,VA,Lexington,18.88889,14.987037,3.0,3.0,3.0,0.0,0.0,2.0,0.0,0.0,6867
624,VA,Lynchburg,465.8889,4.137923,6.0,6.0,5.0,4.0,0.0,1.0,0.0,0.0,65269
625,VA,Newport News,1367.7778,0.047805797,3.0,3.0,5.0,5.0,1.0,5.0,0.0,0.0,180150
626,VA,Norfolk,765.6667,0.11042792,3.0,3.0,5.0,2.0,0.0,3.0,0.0,0.0,234403
627,VA,Portsmouth,473.8889,0.015096118,4.0,4.0,5.0,1.0,1.0,3.0,2.0,1.0,100565
628,VA,Richmond,701.7778,1.7768627,3.0,3.0,13.0,9.0,6.0,14.0,4.0,2.0,197790
629,VA,Roanoke,359.77777,3.1691194,4.0,4.0,25.0,11.0,6.0,14.0,2.0,2.0,94911
630,VA,Salem,92.55556,18.230219,4.0,4.0,2.0,3.0,0.0,4.0,1.0,0.0,24747
631,VA,Suffolk,5149.3335,0.027404722,4.0,4.0,22.0,12.0,0.0,9.0,2.0,0.0,63677
632,VA,Virginia Beach,3708.7778,0.04575843,5.0,5.0,28.0,26.0,4.0,19.0,4.0,0.0,425257
633,VA,Waynesboro,126.44444,8.270864,4.0,4.0,2.0,2.0,0.0,0.0,1.0,0.0,19520
634,VA,Williamsburg,105.77778,,2.0,2.0,5.0,1.0,0.0,2.0,0.0,0.0,11998
635,VA,Winchester,71.666664,0.14352278,3.0,3.0,6.0,1.0,0.0,0.0,0.0,0.0,23585
636,WA,Bellevue,479.55554,6.6862745,8.0,8.0,6.0,0.0,1.0,0.0,0.0,1.0,109569
637,WA,Bellingham,240.33333,10.368944,8.0,8.0,4.0,0.0,1.0,3.0,0.0,0.0,67171
638,WA,Ellensburg,457.8889,20.35144,6.0,6.0,1.0,2.0,0.0,3.0,1.0,0.0,15414
639,WA,Issaquah,479.55554,6.6862745,8.0,8.0,3.0,1.0,0.0,1.0,0.0,0.0,11212
640,WA,Kelso,173.88889,15.561524,6.0,6.0,4.0,3.0,1.0,0.0,0.0,0.0,11895
641,WA,Kirkland,479.55554,6.6862745,8.0,8.0,3.0,1.0,0.0,2.0,0.0,0.0,45054
642,WA,Lacey,47.0,5.323676,6.0,6.0,4.0,1.0,0.0,1.0,0.0,0.0,31226
643,WA,Longview,173.88889,15.561524,6.0,6.0,11.0,7.0,4.0,4.0,3.0,0.0,34660
644,WA,Olympia,47.0,5.323676,6.0,6.0,2.0,1.0,0.0,3.0,0.0,0.0,42514
645,WA,Renton,479.55554,6.6862745,8.0,8.0,2.0,3.0,0.0,0.0,0.0,0.0,50052
646,WA,Richland,343.1111,2.385386,7.0,7.0,2.0,0.0,1.0,1.0,1.0,0.0,38708
647,WA,Seattle,479.55554,6.6862745,8.0,8.0,30.0,12.0,14.0,29.0,7.0,0.0,563374
648,WA,Spokane,904.44446,6.071599,10.0,10.0,10.0,3.0,4.0,6.0,1.0,0.0,195629
649,WA,Tacoma,325.44446,4.863879,7.0,7.0,6.0,0.0,0.0,1.0,2.0,0.0,193556
650,WA,Vancouver,102.44444,4.881084,7.0,7.0,5.0,0.0,0.0,1.0,1.0,0.0,143560
651,WI,Appleton,3184.074,0.13692944,6.333333333333332,6.0,9.0,3.0,0.0,3.0,2.0,0.0,5830110974812
652,WI,Brookfield,4919.222,0.37221548,8.0,8.0,5.0,1.0,0.0,1.0,0.0,0.0,38649
653,WI,Chetek,4786.4443,0.6649797,9.0,9.0,5.0,0.0,0.0,1.0,0.0,0.0,2180
654,WI,Eau Claire,4695.9443,0.9607682,7.5,7.5,3.0,2.0,2.0,3.0,2.0,0.0,597941910
655,WI,Green Bay,3135.2222,0.11215215,8.0,8.0,8.0,4.0,0.0,6.0,1.0,0.0,102313
656,WI,Kenosha,2388.2222,0.08361959,5.0,5.0,7.0,2.0,0.0,3.0,0.0,1.0,90352
657,WI,La Crosse,2947.7778,7.304549,4.0,4.0,10.0,1.0,0.0,5.0,1.0,0.0,51818
658,WI,Madison,9549.111,1.2699422,9.0,9.0,23.0,11.0,6.0,18.0,2.0,0.0,208054
659,WI,Manitowoc,4086.889,0.11511615,8.0,8.0,3.0,3.0,0.0,1.0,1.0,0.0,34053
660,WI,Middleton,9549.111,1.2699422,9.0,9.0,3.0,0.0,1.0,3.0,1.0,0.0,15770
661,WI,Milwaukee,3437.8147,0.37877986,6.0,6.0,44.0,45.0,10.0,22.0,5.0,2.0,59697400
662,WI,Neenah,3215.4443,0.025427366,6.0,6.0,2.0,3.0,1.0,1.0,0.0,0.0,24507
663,WI,Onalaska,2947.7778,7.304549,4.0,4.0,2.0,2.0,0.0,1.0,0.0,0.0,14839
664,WI,Oshkosh,3215.4443,0.025427366,6.0,6.0,4.0,2.0,0.0,3.0,0.0,0.0,62916
665,WI,Racine,2981.889,0.13400245,6.0,6.0,3.0,2.0,1.0,0.0,0.0,0.0,81855
666,WI,Rice Lake,4786.4443,0.6649797,9.0,9.0,2.0,3.0,1.0,0.0,0.0,0.0,8320
667,WI,Sheboygan,3804.7778,0.28052503,5.0,5.0,1.0,3.0,1.0,1.0,0.0,0.0,50792
668,WI,Stevens Point,3845.0,0.18693379,8.0,8.0,1.0,3.0,2.0,1.0,1.0,0.0,24551
669,WI,Stoughton,9549.111,1.2699422,9.0,9.0,0.0,3.0,0.0,2.0,0.0,0.0,12354
670,WI,Sun Prairie,9549.111,1.2699422,9.0,9.0,2.0,1.0,4.0,3.0,1.0,0.0,20369
671,WI,Waukesha,4919.222,0.37221548,8.0,8.0,1.0,2.0,2.0,3.0,0.0,0.0,64825
672,WI,Wauwatosa,2046.0,0.31888017,6.0,6.0,0.0,2.0,0.0,5.0,1.0,0.0,47271
673,WI,West Allis,2046.0,0.31888017,6.0,6.0,5.0,3.0,1.0,0.0,2.0,0.0,61254
674,WI,West Bend,3348.2222,0.4452439,4.0,4.0,2.0,0.0,1.0,1.0,1.0,0.0,28152
675,WI,Wisconsin Rapids,4309.8887,0.025679452,6.0,6.0,1.0,3.0,2.0,0.0,1.0,0.0,18435
676,WV,Charleston,9920.889,22.675117,6.0,6.0,4.0,1.0,1.0,3.0,0.0,0.0,53421
677,WV,Morgantown,4380.5557,12.887312,7.0,7.0,2.0,1.0,2.0,1.0,0.0,0.0,26809
678,WV,Parkersburg,4662.778,7.8048644,7.0,7.0,3.0,2.0,0.0,4.0,1.0,1.0,33099
679,WV,Wheeling,2621.3333,13.383638,5.5,5.5,3.0,2.0,0.0,2.0,0.0,0.0,31059360
680,WY,Cheyenne,13314.556,1.0336208,7.0,7.0,2.0,1.0,0.0,0.0,1.0,1.0,53011
681,WY,Cody,15094.0,10.952312,5.0,5.0,3.0,2.0,0.0,1.0,0.0,0.0,8835
682,WY,Laramie,17685.445,5.4825473,4.0,4.0,2.0,3.0,0.0,1.0,0.0,0.0,27204
